Model,Train Accuracy,Test Accuracy,Test Precision,Test Recall,Test F1-Score
Naive Bayes,0.9182760723724335,0.6414634146341464,0.6616863745968198,0.6414634146341464,0.6352446227806287
Linear SVM,0.9999322355492308,0.6447154471544716,0.6466246581766268,0.6447154471544716,0.6423641723516371
Logistic Regression,0.9861760520430982,0.656910569105691,0.6724472604413307,0.656910569105691,0.6561799603663523
