{
  "train_metrics": {
    "accuracy": 0.9278308599308802,
    "precision": 0.9294750715395274,
    "recall": 0.9278308599308802,
    "f1": 0.9264977146756641
  },
  "test_metrics": {
    "accuracy": 0.6520325203252032,
    "precision": 0.6619337950560246,
    "recall": 0.6520325203252032,
    "f1": 0.6511950431309078
  },
  "classification_report": {
    "agriculture": {
      "precision": 0.8210526315789474,
      "recall": 0.6341463414634146,
      "f1-score": 0.7155963302752294,
      "support": 123.0
    },
    "ampstories": {
      "precision": 0.0,
      "recall": 0.0,
      "f1-score": 0.0,
      "support": 6.0
    },
    "business": {
      "precision": 0.6824034334763949,
      "recall": 0.6091954022988506,
      "f1-score": 0.6437246963562753,
      "support": 261.0
    },
    "cinema": {
      "precision": 0.7268041237113402,
      "recall": 0.7790055248618785,
      "f1-score": 0.752,
      "support": 362.0
    },
    "coronavirus": {
      "precision": 0.0,
      "recall": 0.0,
      "f1-score": 0.0,
      "support": 8.0
    },
    "crime": {
      "precision": 0.7534626038781164,
      "recall": 0.8369230769230769,
      "f1-score": 0.793002915451895,
      "support": 325.0
    },
    "employment-news-in-tamil-latest-update": {
      "precision": 0.0,
      "recall": 0.0,
      "f1-score": 0.0,
      "support": 3.0
    },
    "environment": {
      "precision": 0.5952380952380952,
      "recall": 0.390625,
      "f1-score": 0.4716981132075472,
      "support": 128.0
    },
    "features": {
      "precision": 0.4860557768924303,
      "recall": 0.5104602510460251,
      "f1-score": 0.49795918367346936,
      "support": 239.0
    },
    "health": {
      "precision": 0.5506329113924051,
      "recall": 0.5178571428571429,
      "f1-score": 0.5337423312883436,
      "support": 168.0
    },
    "india": {
      "precision": 0.43345323741007197,
      "recall": 0.5502283105022832,
      "f1-score": 0.48490945674044267,
      "support": 438.0
    },
    "lifestyle": {
      "precision": 0.75,
      "recall": 0.14285714285714285,
      "f1-score": 0.24,
      "support": 21.0
    },
    "motor": {
      "precision": 0.3333333333333333,
      "recall": 0.1111111111111111,
      "f1-score": 0.16666666666666666,
      "support": 9.0
    },
    "spiritual": {
      "precision": 0.8928571428571429,
      "recall": 0.5102040816326531,
      "f1-score": 0.6493506493506493,
      "support": 49.0
    },
    "sports": {
      "precision": 0.8728323699421965,
      "recall": 0.8628571428571429,
      "f1-score": 0.867816091954023,
      "support": 350.0
    },
    "tamilnadu": {
      "precision": 0.5732484076433121,
      "recall": 0.5660377358490566,
      "f1-score": 0.569620253164557,
      "support": 318.0
    },
    "technology": {
      "precision": 0.6305220883534136,
      "recall": 0.6408163265306123,
      "f1-score": 0.6356275303643725,
      "support": 245.0
    },
    "trending": {
      "precision": 0.9479166666666666,
      "recall": 0.7165354330708661,
      "f1-score": 0.8161434977578476,
      "support": 254.0
    },
    "women": {
      "precision": 0.0,
      "recall": 0.0,
      "f1-score": 0.0,
      "support": 4.0
    },
    "world": {
      "precision": 0.6206088992974239,
      "recall": 0.6992084432717678,
      "f1-score": 0.6575682382133995,
      "support": 379.0
    },
    "accuracy": 0.6520325203252032,
    "macro avg": {
      "precision": 0.5335210860835644,
      "recall": 0.4539034233566513,
      "f1-score": 0.4747712977232359,
      "support": 3690.0
    },
    "weighted avg": {
      "precision": 0.6619337950560246,
      "recall": 0.6520325203252032,
      "f1-score": 0.6511950431309078,
      "support": 3690.0
    }
  }
}