{
  "train_metrics": {
    "accuracy": 0.9182760723724335,
    "precision": 0.9224813605166388,
    "recall": 0.9182760723724335,
    "f1": 0.9153571105973504
  },
  "test_metrics": {
    "accuracy": 0.6414634146341464,
    "precision": 0.6616863745968198,
    "recall": 0.6414634146341464,
    "f1": 0.6352446227806287
  },
  "classification_report": {
    "agriculture": {
      "precision": 0.855072463768116,
      "recall": 0.4796747967479675,
      "f1-score": 0.6145833333333334,
      "support": 123.0
    },
    "ampstories": {
      "precision": 0.0,
      "recall": 0.0,
      "f1-score": 0.0,
      "support": 6.0
    },
    "business": {
      "precision": 0.6507936507936508,
      "recall": 0.6283524904214559,
      "f1-score": 0.6393762183235867,
      "support": 261.0
    },
    "cinema": {
      "precision": 0.768,
      "recall": 0.7955801104972375,
      "f1-score": 0.7815468113975577,
      "support": 362.0
    },
    "coronavirus": {
      "precision": 0.0,
      "recall": 0.0,
      "f1-score": 0.0,
      "support": 8.0
    },
    "crime": {
      "precision": 0.6347826086956522,
      "recall": 0.8984615384615384,
      "f1-score": 0.7439490445859872,
      "support": 325.0
    },
    "employment-news-in-tamil-latest-update": {
      "precision": 0.0,
      "recall": 0.0,
      "f1-score": 0.0,
      "support": 3.0
    },
    "environment": {
      "precision": 0.6976744186046512,
      "recall": 0.234375,
      "f1-score": 0.3508771929824561,
      "support": 128.0
    },
    "features": {
      "precision": 0.620253164556962,
      "recall": 0.4100418410041841,
      "f1-score": 0.49370277078085645,
      "support": 239.0
    },
    "health": {
      "precision": 0.5759493670886076,
      "recall": 0.5416666666666666,
      "f1-score": 0.558282208588957,
      "support": 168.0
    },
    "india": {
      "precision": 0.4040561622464899,
      "recall": 0.591324200913242,
      "f1-score": 0.48007414272474513,
      "support": 438.0
    },
    "lifestyle": {
      "precision": 1.0,
      "recall": 0.14285714285714285,
      "f1-score": 0.25,
      "support": 21.0
    },
    "motor": {
      "precision": 0.0,
      "recall": 0.0,
      "f1-score": 0.0,
      "support": 9.0
    },
    "spiritual": {
      "precision": 0.9130434782608695,
      "recall": 0.42857142857142855,
      "f1-score": 0.5833333333333334,
      "support": 49.0
    },
    "sports": {
      "precision": 0.839572192513369,
      "recall": 0.8971428571428571,
      "f1-score": 0.8674033149171271,
      "support": 350.0
    },
    "tamilnadu": {
      "precision": 0.5724381625441696,
      "recall": 0.5094339622641509,
      "f1-score": 0.5391014975041597,
      "support": 318.0
    },
    "technology": {
      "precision": 0.6558704453441295,
      "recall": 0.6612244897959184,
      "f1-score": 0.6585365853658537,
      "support": 245.0
    },
    "trending": {
      "precision": 0.9668508287292817,
      "recall": 0.6889763779527559,
      "f1-score": 0.8045977011494253,
      "support": 254.0
    },
    "women": {
      "precision": 0.0,
      "recall": 0.0,
      "f1-score": 0.0,
      "support": 4.0
    },
    "world": {
      "precision": 0.5886524822695035,
      "recall": 0.6569920844327177,
      "f1-score": 0.6209476309226932,
      "support": 379.0
    },
    "accuracy": 0.6414634146341464,
    "macro avg": {
      "precision": 0.5371504712707728,
      "recall": 0.4282337493864632,
      "f1-score": 0.4493155892955036,
      "support": 3690.0
    },
    "weighted avg": {
      "precision": 0.6616863745968198,
      "recall": 0.6414634146341464,
      "f1-score": 0.6352446227806287,
      "support": 3690.0
    }
  }
}