{
  "train_metrics": {
    "accuracy": 0.83397709561564,
    "precision": 0.8380938144794678,
    "recall": 0.83397709561564,
    "f1": 0.8287775015122891
  },
  "test_metrics": {
    "accuracy": 0.6455284552845528,
    "precision": 0.6521677449964121,
    "recall": 0.6455284552845528,
    "f1": 0.6389853862802127
  },
  "classification_report": {
    "agriculture": {
      "precision": 0.8390804597701149,
      "recall": 0.5934959349593496,
      "f1-score": 0.6952380952380952,
      "support": 123.0
    },
    "ampstories": {
      "precision": 0.0,
      "recall": 0.0,
      "f1-score": 0.0,
      "support": 6.0
    },
    "business": {
      "precision": 0.6383763837638377,
      "recall": 0.6628352490421456,
      "f1-score": 0.650375939849624,
      "support": 261.0
    },
    "cinema": {
      "precision": 0.7286432160804021,
      "recall": 0.8011049723756906,
      "f1-score": 0.7631578947368421,
      "support": 362.0
    },
    "coronavirus": {
      "precision": 0.0,
      "recall": 0.0,
      "f1-score": 0.0,
      "support": 8.0
    },
    "crime": {
      "precision": 0.6532438478747203,
      "recall": 0.8984615384615384,
      "f1-score": 0.7564766839378239,
      "support": 325.0
    },
    "employment-news-in-tamil-latest-update": {
      "precision": 0.0,
      "recall": 0.0,
      "f1-score": 0.0,
      "support": 3.0
    },
    "environment": {
      "precision": 0.6307692307692307,
      "recall": 0.3203125,
      "f1-score": 0.42487046632124353,
      "support": 128.0
    },
    "features": {
      "precision": 0.5542857142857143,
      "recall": 0.40585774058577406,
      "f1-score": 0.46859903381642515,
      "support": 239.0
    },
    "health": {
      "precision": 0.5263157894736842,
      "recall": 0.5952380952380952,
      "f1-score": 0.5586592178770949,
      "support": 168.0
    },
    "india": {
      "precision": 0.433852140077821,
      "recall": 0.5091324200913242,
      "f1-score": 0.4684873949579832,
      "support": 438.0
    },
    "lifestyle": {
      "precision": 1.0,
      "recall": 0.14285714285714285,
      "f1-score": 0.25,
      "support": 21.0
    },
    "motor": {
      "precision": 0.0,
      "recall": 0.0,
      "f1-score": 0.0,
      "support": 9.0
    },
    "spiritual": {
      "precision": 0.8571428571428571,
      "recall": 0.4897959183673469,
      "f1-score": 0.6233766233766234,
      "support": 49.0
    },
    "sports": {
      "precision": 0.8432432432432433,
      "recall": 0.8914285714285715,
      "f1-score": 0.8666666666666667,
      "support": 350.0
    },
    "tamilnadu": {
      "precision": 0.5859649122807018,
      "recall": 0.5251572327044025,
      "f1-score": 0.5538971807628524,
      "support": 318.0
    },
    "technology": {
      "precision": 0.6119402985074627,
      "recall": 0.6693877551020408,
      "f1-score": 0.6393762183235867,
      "support": 245.0
    },
    "trending": {
      "precision": 0.9619565217391305,
      "recall": 0.6968503937007874,
      "f1-score": 0.8082191780821918,
      "support": 254.0
    },
    "women": {
      "precision": 0.0,
      "recall": 0.0,
      "f1-score": 0.0,
      "support": 4.0
    },
    "world": {
      "precision": 0.6074074074074074,
      "recall": 0.6490765171503958,
      "f1-score": 0.6275510204081632,
      "support": 379.0
    },
    "accuracy": 0.6455284552845528,
    "macro avg": {
      "precision": 0.5236111011208163,
      "recall": 0.44254959910323033,
      "f1-score": 0.4577475807177608,
      "support": 3690.0
    },
    "weighted avg": {
      "precision": 0.6521677449964121,
      "recall": 0.6455284552845528,
      "f1-score": 0.6389853862802127,
      "support": 3690.0
    }
  }
}