{
  "train_metrics": {
    "accuracy": 0.9861760520430982,
    "precision": 0.986284620744109,
    "recall": 0.9861760520430982,
    "f1": 0.9860813786901961
  },
  "test_metrics": {
    "accuracy": 0.656910569105691,
    "precision": 0.6724472604413307,
    "recall": 0.656910569105691,
    "f1": 0.6561799603663523
  },
  "classification_report": {
    "agriculture": {
      "precision": 0.8333333333333334,
      "recall": 0.6097560975609756,
      "f1-score": 0.704225352112676,
      "support": 123.0
    },
    "ampstories": {
      "precision": 0.0,
      "recall": 0.0,
      "f1-score": 0.0,
      "support": 6.0
    },
    "business": {
      "precision": 0.6818181818181818,
      "recall": 0.632183908045977,
      "f1-score": 0.6560636182902585,
      "support": 261.0
    },
    "cinema": {
      "precision": 0.7362924281984334,
      "recall": 0.7790055248618785,
      "f1-score": 0.7570469798657719,
      "support": 362.0
    },
    "coronavirus": {
      "precision": 0.0,
      "recall": 0.0,
      "f1-score": 0.0,
      "support": 8.0
    },
    "crime": {
      "precision": 0.75,
      "recall": 0.84,
      "f1-score": 0.7924528301886793,
      "support": 325.0
    },
    "employment-news-in-tamil-latest-update": {
      "precision": 0.0,
      "recall": 0.0,
      "f1-score": 0.0,
      "support": 3.0
    },
    "environment": {
      "precision": 0.6911764705882353,
      "recall": 0.3671875,
      "f1-score": 0.47959183673469385,
      "support": 128.0
    },
    "features": {
      "precision": 0.5211864406779662,
      "recall": 0.5146443514644351,
      "f1-score": 0.5178947368421053,
      "support": 239.0
    },
    "health": {
      "precision": 0.5608108108108109,
      "recall": 0.49404761904761907,
      "f1-score": 0.5253164556962026,
      "support": 168.0
    },
    "india": {
      "precision": 0.42598684210526316,
      "recall": 0.591324200913242,
      "f1-score": 0.49521988527724664,
      "support": 438.0
    },
    "lifestyle": {
      "precision": 0.75,
      "recall": 0.14285714285714285,
      "f1-score": 0.24,
      "support": 21.0
    },
    "motor": {
      "precision": 0.3333333333333333,
      "recall": 0.1111111111111111,
      "f1-score": 0.16666666666666666,
      "support": 9.0
    },
    "spiritual": {
      "precision": 0.9230769230769231,
      "recall": 0.4897959183673469,
      "f1-score": 0.64,
      "support": 49.0
    },
    "sports": {
      "precision": 0.8628571428571429,
      "recall": 0.8628571428571429,
      "f1-score": 0.8628571428571429,
      "support": 350.0
    },
    "tamilnadu": {
      "precision": 0.5836065573770491,
      "recall": 0.559748427672956,
      "f1-score": 0.5714285714285714,
      "support": 318.0
    },
    "technology": {
      "precision": 0.6680497925311203,
      "recall": 0.6571428571428571,
      "f1-score": 0.6625514403292181,
      "support": 245.0
    },
    "trending": {
      "precision": 0.978021978021978,
      "recall": 0.7007874015748031,
      "f1-score": 0.8165137614678899,
      "support": 254.0
    },
    "women": {
      "precision": 0.0,
      "recall": 0.0,
      "f1-score": 0.0,
      "support": 4.0
    },
    "world": {
      "precision": 0.6150341685649203,
      "recall": 0.712401055408971,
      "f1-score": 0.6601466992665037,
      "support": 379.0
    },
    "accuracy": 0.656910569105691,
    "macro avg": {
      "precision": 0.5457292201647345,
      "recall": 0.45324251294432294,
      "f1-score": 0.4773987988511813,
      "support": 3690.0
    },
    "weighted avg": {
      "precision": 0.6724472604413307,
      "recall": 0.656910569105691,
      "f1-score": 0.6561799603663523,
      "support": 3690.0
    }
  }
}