{
  "train_metrics": {
    "accuracy": 0.9999322355492308,
    "precision": 0.9999322741834673,
    "recall": 0.9999322355492308,
    "f1": 0.999932231876335
  },
  "test_metrics": {
    "accuracy": 0.6447154471544716,
    "precision": 0.6466246581766268,
    "recall": 0.6447154471544716,
    "f1": 0.6423641723516371
  },
  "classification_report": {
    "agriculture": {
      "precision": 0.7798165137614679,
      "recall": 0.6910569105691057,
      "f1-score": 0.7327586206896551,
      "support": 123.0
    },
    "ampstories": {
      "precision": 0.0,
      "recall": 0.0,
      "f1-score": 0.0,
      "support": 6.0
    },
    "business": {
      "precision": 0.6115384615384616,
      "recall": 0.6091954022988506,
      "f1-score": 0.6103646833013435,
      "support": 261.0
    },
    "cinema": {
      "precision": 0.75,
      "recall": 0.787292817679558,
      "f1-score": 0.7681940700808625,
      "support": 362.0
    },
    "coronavirus": {
      "precision": 0.25,
      "recall": 0.125,
      "f1-score": 0.16666666666666666,
      "support": 8.0
    },
    "crime": {
      "precision": 0.7072538860103627,
      "recall": 0.84,
      "f1-score": 0.7679324894514767,
      "support": 325.0
    },
    "employment-news-in-tamil-latest-update": {
      "precision": 0.0,
      "recall": 0.0,
      "f1-score": 0.0,
      "support": 3.0
    },
    "environment": {
      "precision": 0.57,
      "recall": 0.4453125,
      "f1-score": 0.5,
      "support": 128.0
    },
    "features": {
      "precision": 0.5191489361702127,
      "recall": 0.5104602510460251,
      "f1-score": 0.5147679324894515,
      "support": 239.0
    },
    "health": {
      "precision": 0.5369127516778524,
      "recall": 0.47619047619047616,
      "f1-score": 0.5047318611987381,
      "support": 168.0
    },
    "india": {
      "precision": 0.43912175648702595,
      "recall": 0.502283105022831,
      "f1-score": 0.4685835995740149,
      "support": 438.0
    },
    "lifestyle": {
      "precision": 0.6666666666666666,
      "recall": 0.19047619047619047,
      "f1-score": 0.2962962962962963,
      "support": 21.0
    },
    "motor": {
      "precision": 0.2857142857142857,
      "recall": 0.2222222222222222,
      "f1-score": 0.25,
      "support": 9.0
    },
    "spiritual": {
      "precision": 0.8205128205128205,
      "recall": 0.6530612244897959,
      "f1-score": 0.7272727272727273,
      "support": 49.0
    },
    "sports": {
      "precision": 0.845108695652174,
      "recall": 0.8885714285714286,
      "f1-score": 0.8662952646239555,
      "support": 350.0
    },
    "tamilnadu": {
      "precision": 0.5598591549295775,
      "recall": 0.5,
      "f1-score": 0.5282392026578073,
      "support": 318.0
    },
    "technology": {
      "precision": 0.6233766233766234,
      "recall": 0.5877551020408164,
      "f1-score": 0.6050420168067226,
      "support": 245.0
    },
    "trending": {
      "precision": 0.8970588235294118,
      "recall": 0.7204724409448819,
      "f1-score": 0.7991266375545851,
      "support": 254.0
    },
    "women": {
      "precision": 0.5,
      "recall": 0.25,
      "f1-score": 0.3333333333333333,
      "support": 4.0
    },
    "world": {
      "precision": 0.6184834123222749,
      "recall": 0.6886543535620053,
      "f1-score": 0.651685393258427,
      "support": 379.0
    },
    "accuracy": 0.6447154471544716,
    "macro avg": {
      "precision": 0.5490286394174608,
      "recall": 0.48440022125570936,
      "f1-score": 0.5045645397628032,
      "support": 3690.0
    },
    "weighted avg": {
      "precision": 0.6466246581766268,
      "recall": 0.6447154471544716,
      "f1-score": 0.6423641723516371,
      "support": 3690.0
    }
  }
}