{
  "train_metrics": {
    "accuracy": 0.9226129972216576,
    "precision": 0.9234895735367334,
    "recall": 0.9226129972216576,
    "f1": 0.9222319219691528
  },
  "test_metrics": {
    "accuracy": 0.6620596205962059,
    "precision": 0.6611354495581621,
    "recall": 0.6620596205962059,
    "f1": 0.6569745104518123
  },
  "classification_report": {
    "agriculture": {
      "precision": 0.7818181818181819,
      "recall": 0.6991869918699187,
      "f1-score": 0.7381974248927039,
      "support": 123.0
    },
    "ampstories": {
      "precision": 0.0,
      "recall": 0.0,
      "f1-score": 0.0,
      "support": 6.0
    },
    "business": {
      "precision": 0.6563706563706564,
      "recall": 0.6513409961685823,
      "f1-score": 0.6538461538461539,
      "support": 261.0
    },
    "cinema": {
      "precision": 0.7372448979591837,
      "recall": 0.7983425414364641,
      "f1-score": 0.76657824933687,
      "support": 362.0
    },
    "coronavirus": {
      "precision": 0.0,
      "recall": 0.0,
      "f1-score": 0.0,
      "support": 8.0
    },
    "crime": {
      "precision": 0.6982543640897756,
      "recall": 0.8615384615384616,
      "f1-score": 0.7713498622589532,
      "support": 325.0
    },
    "employment-news-in-tamil-latest-update": {
      "precision": 0.0,
      "recall": 0.0,
      "f1-score": 0.0,
      "support": 3.0
    },
    "environment": {
      "precision": 0.5764705882352941,
      "recall": 0.3828125,
      "f1-score": 0.460093896713615,
      "support": 128.0
    },
    "features": {
      "precision": 0.5087719298245614,
      "recall": 0.48535564853556484,
      "f1-score": 0.49678800856531047,
      "support": 239.0
    },
    "health": {
      "precision": 0.5722543352601156,
      "recall": 0.5892857142857143,
      "f1-score": 0.5806451612903226,
      "support": 168.0
    },
    "india": {
      "precision": 0.47368421052631576,
      "recall": 0.5136986301369864,
      "f1-score": 0.4928806133625411,
      "support": 438.0
    },
    "lifestyle": {
      "precision": 0.75,
      "recall": 0.14285714285714285,
      "f1-score": 0.24,
      "support": 21.0
    },
    "motor": {
      "precision": 0.5,
      "recall": 0.1111111111111111,
      "f1-score": 0.18181818181818182,
      "support": 9.0
    },
    "spiritual": {
      "precision": 0.8,
      "recall": 0.6530612244897959,
      "f1-score": 0.7191011235955056,
      "support": 49.0
    },
    "sports": {
      "precision": 0.8426666666666667,
      "recall": 0.9028571428571428,
      "f1-score": 0.8717241379310345,
      "support": 350.0
    },
    "tamilnadu": {
      "precision": 0.6,
      "recall": 0.5377358490566038,
      "f1-score": 0.5671641791044776,
      "support": 318.0
    },
    "technology": {
      "precision": 0.6487603305785123,
      "recall": 0.6408163265306123,
      "f1-score": 0.6447638603696099,
      "support": 245.0
    },
    "trending": {
      "precision": 0.9292929292929293,
      "recall": 0.7244094488188977,
      "f1-score": 0.8141592920353983,
      "support": 254.0
    },
    "women": {
      "precision": 0.0,
      "recall": 0.0,
      "f1-score": 0.0,
      "support": 4.0
    },
    "world": {
      "precision": 0.6309523809523809,
      "recall": 0.6992084432717678,
      "f1-score": 0.6633291614518148,
      "support": 379.0
    },
    "accuracy": 0.6620596205962059,
    "macro avg": {
      "precision": 0.5353270735787288,
      "recall": 0.4696809086482383,
      "f1-score": 0.4831219653286246,
      "support": 3690.0
    },
    "weighted avg": {
      "precision": 0.6611354495581621,
      "recall": 0.6620596205962059,
      "f1-score": 0.6569745104518123,
      "support": 3690.0
    }
  }
}