{
  "train_metrics": {
    "accuracy": 0.996970614965162,
    "precision": 0.9969716513615318,
    "recall": 0.996970614965162,
    "f1": 0.9969399950631274
  },
  "test_metrics": {
    "accuracy": 0.6840193704600485,
    "precision": 0.705287007369343,
    "recall": 0.6840193704600485,
    "f1": 0.6570879992655344
  },
  "classification_report": {
    "Negative": {
      "precision": 0.7317073170731707,
      "recall": 0.43902439024390244,
      "f1-score": 0.5487804878048781,
      "support": 205.0
    },
    "Neutral": {
      "precision": 0.662992125984252,
      "recall": 0.9112554112554112,
      "f1-score": 0.7675478577939836,
      "support": 462.0
    },
    "Positive": {
      "precision": 0.7941176470588235,
      "recall": 0.33962264150943394,
      "f1-score": 0.47577092511013214,
      "support": 159.0
    },
    "accuracy": 0.6840193704600485,
    "macro avg": {
      "precision": 0.7296056967054154,
      "recall": 0.5633008143362491,
      "f1-score": 0.5973664235696646,
      "support": 826.0
    },
    "weighted avg": {
      "precision": 0.705287007369343,
      "recall": 0.6840193704600485,
      "f1-score": 0.6570879992655344,
      "support": 826.0
    }
  }
}