{
  "train_metrics": {
    "accuracy": 1.0,
    "precision": 1.0,
    "recall": 1.0,
    "f1": 1.0
  },
  "test_metrics": {
    "accuracy": 0.6719128329297821,
    "precision": 0.6676430063522869,
    "recall": 0.6719128329297821,
    "f1": 0.6612693178539369
  },
  "classification_report": {
    "Negative": {
      "precision": 0.6181818181818182,
      "recall": 0.4975609756097561,
      "f1-score": 0.5513513513513514,
      "support": 205.0
    },
    "Neutral": {
      "precision": 0.6878402903811253,
      "recall": 0.8203463203463204,
      "f1-score": 0.7482724580454096,
      "support": 462.0
    },
    "Positive": {
      "precision": 0.6727272727272727,
      "recall": 0.46540880503144655,
      "f1-score": 0.550185873605948,
      "support": 159.0
    },
    "accuracy": 0.6719128329297821,
    "macro avg": {
      "precision": 0.6595831270967388,
      "recall": 0.5944387003291743,
      "f1-score": 0.6166032276675697,
      "support": 826.0
    },
    "weighted avg": {
      "precision": 0.6676430063522869,
      "recall": 0.6719128329297821,
      "f1-score": 0.6612693178539369,
      "support": 826.0
    }
  }
}