{
  "train_metrics": {
    "accuracy": 0.9684943956376856,
    "precision": 0.9678529000371302,
    "recall": 0.9684943956376856,
    "f1": 0.9679829691084235
  },
  "test_metrics": {
    "accuracy": 0.652542372881356,
    "precision": 0.6495184897226951,
    "recall": 0.652542372881356,
    "f1": 0.6506996297685337
  },
  "classification_report": {
    "Negative": {
      "precision": 0.6067961165048543,
      "recall": 0.6097560975609756,
      "f1-score": 0.6082725060827251,
      "support": 205.0
    },
    "Neutral": {
      "precision": 0.707983193277311,
      "recall": 0.7294372294372294,
      "f1-score": 0.7185501066098081,
      "support": 462.0
    },
    "Positive": {
      "precision": 0.5347222222222222,
      "recall": 0.48427672955974843,
      "f1-score": 0.5082508250825083,
      "support": 159.0
    },
    "accuracy": 0.652542372881356,
    "macro avg": {
      "precision": 0.6165005106681293,
      "recall": 0.6078233521859845,
      "f1-score": 0.6116911459250138,
      "support": 826.0
    },
    "weighted avg": {
      "precision": 0.6495184897226951,
      "recall": 0.652542372881356,
      "f1-score": 0.6506996297685337,
      "support": 826.0
    }
  }
}